Date,Open,High,Low,Close,Adj Close,Volume
1/1/1985,4.984375,5.5625,4.8125,5.515625,1.917841,17046400
2/1/1985,5.5,6,5.359375,5.96875,2.075396,11101600
3/1/1985,5.953125,6.28125,5.78125,6.21875,2.18238,9357600
4/1/1985,6.15625,6.203125,5.734375,5.96875,2.094647,12930400
5/1/1985,5.984375,7.359375,5.765625,7.28125,2.555249,17680000
6/1/1985,7.15625,7.46875,6.765625,7.296875,2.58129,14332000
7/1/1985,7.25,7.5,6.4375,6.703125,2.371251,14189600
8/1/1985,6.8125,7.46875,6.625,7.421875,2.62551,10958400
9/1/1985,7.375,7.875,7.265625,7.75,2.764395,15036800
10/1/1985,7.75,8.40625,7.46875,8.375,2.987331,16371200
11/1/1985,8.40625,9,8.125,8.765625,3.126663,15736000
12/1/1985,8.796875,8.90625,8.375,8.6875,3.119295,16377600
1/1/1986,8.6875,9.28125,7.875,9.1875,3.298822,15372400
2/1/1986,9.1875,9.71875,8.375,9.65625,3.46713,18445200
3/1/1986,9.625,10.75,9.53125,10.6875,3.863872,18060800
4/1/1986,10.75,11.21875,9.25,10.5,3.796085,15910000
5/1/1986,10.46875,12.25,10.25,12.03125,4.349679,12211600
6/1/1986,12.03125,14.6875,11.03125,14.375,5.223737,14111200
7/1/1986,14.28125,14.53125,12.53125,13.53125,4.917128,14475200
8/1/1986,13.53125,13.96875,13.03125,13.8125,5.019329,9514400
9/1/1986,13.78125,13.96875,10.5625,11.59375,4.232343,15889600
10/1/1986,11.625,13.15625,11.59375,12.8125,4.677249,16206400
11/1/1986,12.90625,13.21875,11.8125,13.15625,4.802735,13202400
12/1/1986,13.125,13.75,12.59375,12.9375,4.747533,18979200
1/1/1987,12.875,15.59375,12.875,14.96875,5.492919,19807600
2/1/1987,14.9375,15.65625,14.1875,15.09375,5.538788,12765200
3/1/1987,15.3125,16.375,14.5625,14.75,5.437011,18034000
4/1/1987,14.625,15.3125,13.25,14.4375,5.321819,17698800
5/1/1987,14.4375,15.65625,13.59375,15.125,5.575242,16600000
6/1/1987,15.25,17.1875,15.0625,16.4375,6.093574,14833200
7/1/1987,16.28125,16.75,15.125,15.8125,5.861879,12256000
8/1/1987,15.5625,16.9375,15.1875,16.125,5.977721,21257200
9/1/1987,16.15625,16.375,15,15.4375,5.752951,13175600
10/1/1987,15.375,16.03125,9.5,14.40625,5.368646,27946800
11/1/1987,14.46875,14.5625,12.5,12.84375,4.786364,14756800
12/1/1987,13.1875,13.75,12.15625,13.09375,4.910231,16224400
1/1/1988,13.03125,13.71875,12.3125,13.21875,4.957108,13270800
2/1/1988,13.25,13.9375,12.53125,12.875,4.828196,16030800
3/1/1988,12.8125,13.34375,12.53125,13.03125,4.923752,18792400
4/1/1988,13,13.65625,12.625,12.9375,4.888329,13068800
5/1/1988,13,13.46875,12.625,13.4375,5.07725,9369600
6/1/1988,13.375,13.875,13.125,13.65625,5.197342,13814400
7/1/1988,13.65625,13.9375,13.0625,13.84375,5.268705,9479600
8/1/1988,13.84375,14.71875,13.71875,14.34375,5.458996,12740400
9/1/1988,14.28125,15.75,14.0625,15.25,5.842257,13184000
10/1/1988,15.25,17.125,15.15625,15.6875,6.009864,20440400
11/1/1988,15.6875,15.75,14.53125,15.375,5.890148,8448000
12/1/1988,15.3125,16.3125,15.15625,16.0625,6.192997,7871600
1/1/1989,16,16.71875,15.875,16.53125,6.373722,10192000
2/1/1989,16.53125,16.53125,14.90625,15,5.783342,12610400
3/1/1989,15.0625,15.9375,14.4375,15.90625,6.176471,16485200
4/1/1989,15.84375,16.71875,15.71875,16.34375,6.346352,9787200
5/1/1989,16.25,17.9375,16.125,17.28125,6.710391,10915200
6/1/1989,17.28125,18.5625,17.25,17.65625,6.897778,10633600
7/1/1989,17.78125,20.0625,17.4375,19.9375,7.789003,8318000
8/1/1989,19.9375,20.40625,18.875,19.625,7.666914,11080000
9/1/1989,19.625,19.75,17.5625,18.40625,7.229642,10840800
10/1/1989,18,18.75,16.25,17.4375,6.849131,23688800
11/1/1989,17.375,18.21875,16.6875,17.75,6.971877,14428800
12/1/1989,17.75,17.90625,16.3125,16.90625,6.680226,19054000
1/1/1990,16.84375,17.25,15.78125,16.15625,6.383875,19404000
2/1/1990,16.21875,16.21875,15.25,15.25,6.025787,11304000
3/1/1990,15.1875,15.59375,14.6875,15.28125,6.08496,12822000
4/1/1990,15.28125,16.53125,15.03125,15.34375,6.109848,10320800
5/1/1990,15.34375,16.96875,15.34375,16.3125,6.495604,13548000
6/1/1990,16.375,18.25,15.78125,16.40625,6.581253,13879200
7/1/1990,16.25,17.75,16,17.1875,6.89465,13821200
8/1/1990,17.25,17.25,15.0625,15.75,6.318003,9577600
9/1/1990,15.625,16.21875,15.25,15.71875,6.354969,7329200
10/1/1990,15.9375,18.5,15.71875,17.125,6.923504,18698000
11/1/1990,17.125,18.28125,17,18.0625,7.302528,14721200
12/1/1990,18.1875,19.375,18.125,18.96875,7.720747,8811600
1/1/1991,18.90625,19.75,17.5,19.5,7.93698,12952400
2/1/1991,19.5,21.09375,19.125,20.84375,8.483919,12200000
3/1/1991,20.75,23.75,20.5625,23.34375,9.562451,13358800
4/1/1991,23.25,24.65625,21.9375,22.75,9.319228,14131200
5/1/1991,22.6875,24.84375,22.3125,24.59375,10.074501,13458000
6/1/1991,24.46875,25.1875,23.53125,24.59375,10.129992,9512000
7/1/1991,24.71875,26.75,24.625,26.21875,10.799314,12446800
8/1/1991,26.21875,27.8125,25.5,27.09375,11.159719,8080800
9/1/1991,27.09375,27.3125,25.84375,27.09375,11.213937,7604400
10/1/1991,27.21875,28.25,25.1875,25.375,10.502557,15882400
11/1/1991,25.375,27.6875,24.78125,26.75,11.071665,11216800
12/1/1991,26.5625,33.5,26.5625,32.6875,13.6033,11457400
1/1/1992,32.25,33.5,27.1875,28.375,11.808597,20244000
2/1/1992,28.375,29.4375,27.375,28.5,11.860617,10436400
3/1/1992,28.5,29.25,27.625,28.8125,12.051056,10045400
4/1/1992,28.625,30.5,27.6875,28.3125,11.841926,9230600
5/1/1992,28.375,30.125,27.3125,29.25,12.234045,8238400
6/1/1992,29.3125,33.4375,28.875,33.1875,13.950379,12132400
7/1/1992,33.1875,33.625,31.375,32.3125,13.582572,8786800
8/1/1992,32.5,34.8125,32.3125,34.0625,14.318186,7171600
9/1/1992,33.875,36.6875,33.3125,35.6875,15.063739,9264600
10/1/1992,35.8125,37.5625,34.0625,37.5,15.828803,7126800
11/1/1992,37.4375,37.6875,32.9375,34,14.351449,9803800
12/1/1992,34,35.5,33.375,33.5,14.207994,8880400
1/1/1993,33.5,33.625,30.5625,31.0625,13.174206,15894600
2/1/1993,31,32.125,29.6875,32,13.571821,11229000
3/1/1993,32,33.9375,30.125,30.25,12.898398,12755200
4/1/1993,30.4375,30.5,27.5,28.875,12.312113,17830800
5/1/1993,28.8125,30.125,26.5625,27,11.512629,13331000
6/1/1993,26.75,27.875,25.5,27.4375,11.769078,11282400
7/1/1993,27.4375,27.4375,24.125,24.375,10.45544,10732200
8/1/1993,24.375,26.5625,23.625,26,11.152473,14036600
9/1/1993,26,27.375,24.75,24.75,10.6855,12754400
10/1/1993,24.5625,28.75,24.375,28.5625,12.3315,16938000
11/1/1993,28.375,30.9375,27.375,30.1875,13.033074,11882200
12/1/1993,30.1875,30.6875,28.375,28.375,12.318645,11820400
1/1/1994,28.25,29,26.75,26.875,11.667443,13271800
2/1/1994,26.625,27.0625,25,25.25,10.961966,13623600
3/1/1994,25.3125,25.8125,23.6875,25.4375,11.116756,19191600
4/1/1994,24.75,26.625,23.6875,25.1875,11.007504,12831400
5/1/1994,25.0625,26.375,24.5,26.1875,11.444527,9782200
6/1/1994,26.3125,28.625,26.0625,27.1875,11.959375,12903400
7/1/1994,27.1875,27.625,25.75,25.875,11.382029,8182000
8/1/1994,25.875,28.75,25.5625,28.3125,12.454246,11552800
9/1/1994,28.1875,28.6875,26.6875,28.6875,12.701031,9228600
10/1/1994,28.5625,29.6875,27.8125,29.375,13.005416,10119400
11/1/1994,29.25,30.375,28.4375,28.5,12.618018,9121000
12/1/1994,28.5,30.375,28.5,29.0625,12.94589,10933600
1/1/1995,28.9375,29.375,26.25,27.5,12.249865,16644800
2/1/1995,27.5,27.9375,26.9375,27,12.027143,9229200
3/1/1995,27.125,30.1875,27.0625,29.1875,13.088221,17127800
4/1/1995,29,32.375,29,31.8125,14.265316,13329200
5/1/1995,31.5,33.6875,30.9375,33.5625,15.050049,15009000
6/1/1995,33.4375,36.9375,33.25,35.6875,16.091043,13010400
7/1/1995,35.5625,36.8125,34.0625,35.9375,16.203764,9140800
8/1/1995,36.0625,36.1875,33.375,33.75,15.217447,11507600
9/1/1995,33.5,36.8125,33.5,36.1875,16.411324,8743600
10/1/1995,36.0625,38.125,35.25,36.125,16.382967,8234000
11/1/1995,36.125,38.625,35.8125,38.1875,17.318321,7195200
12/1/1995,38.375,39.75,37.5625,38.625,17.606197,7778800
1/1/1996,38.375,39.625,36.25,38.3125,17.463751,9545200
2/1/1996,38.3125,40.3125,37.375,37.75,17.20735,9419800
3/1/1996,38.125,39.9375,37.875,37.875,17.352079,8675000
4/1/1996,37.6875,37.875,34.625,35.6875,16.349895,15360000
5/1/1996,35.5,37.3125,33.6875,36.375,16.664867,15574800
6/1/1996,36.3125,37.625,34.4375,36.625,16.869064,20565800
7/1/1996,36.75,38.1875,36.125,37.375,17.2145,20418800
8/1/1996,37.375,38.6875,33.6875,33.75,15.544865,15880400
9/1/1996,33.375,34.9375,32.8125,34.4375,15.954752,16271800
10/1/1996,34.3125,34.5625,31.4375,31.75,14.709641,17474600
11/1/1996,31.75,34.5,31.75,33.9375,15.723103,22142800
12/1/1996,33.8125,34.3125,32.3125,32.8125,15.295335,14850600
1/1/1997,32.6875,35.5,32.0625,34.8125,16.227627,20730800
2/1/1997,34.6875,36.375,33.875,34.25,15.965417,18000000
3/1/1997,33.625,34.9375,33.25,33.625,15.76785,16447000
4/1/1997,33.25,35.25,32,34.8125,16.324705,14664800
5/1/1997,34.75,36.875,34.3125,36.875,17.291876,13738000
6/1/1997,36.375,43.4375,36.375,42.8125,20.192951,23681400
7/1/1997,42.5,46.875,42.25,45.9375,21.666883,17888400
8/1/1997,48,50.5,44.25,44.75,21.106787,22387900
9/1/1997,44.75,48.5,42,42.125,19.965282,12451900
10/1/1997,43,45.375,40,43.0625,20.409609,14317900
11/1/1997,43.0625,47.5,42.375,46.375,21.979591,8541100
12/1/1997,47,50.375,46.5,49.625,23.636658,7337700
1/1/1998,49.375,50.1875,45.125,46.375,22.088669,7683600
2/1/1998,46.125,46.5625,41.8125,42.625,20.302521,13751900
3/1/1998,42.375,44.8125,41.25,43.125,20.647781,13527200
4/1/1998,43.1875,43.625,39.25,41.25,19.750044,12332300
5/1/1998,41.375,42.5,39.0625,41.3125,19.779978,11927200
6/1/1998,41.1875,41.625,36.75,37.6875,18.146437,10544400
7/1/1998,37.75,39.1875,32.9375,33.25,16.009794,12504400
8/1/1998,33,33.0625,28.5,30.5,14.685681,18099200
9/1/1998,30.625,34.9375,29.9375,32.9375,15.975965,13086700
10/1/1998,32,37.875,31.75,33,16.006279,12162300
11/1/1998,33.125,36.9375,32.5625,36.625,17.764547,11445700
12/1/1998,37.25,37.875,32.6875,34.125,16.667149,13275400
1/1/1999,34.1875,42.25,33.875,40.625,19.841848,17475900
2/1/1999,40.375,41.375,36.1875,37,18.071348,10276700
3/1/1999,36.125,39.0625,33.6875,33.8125,16.61763,12666900
4/1/1999,33.3125,38.125,32.3125,37,18.184166,14013600
5/1/1999,36.875,37.4375,34.4375,34.6875,17.047653,9685800
6/1/1999,34.5,34.875,31.375,33,16.325817,10550500
7/1/1999,32.75,35.75,31.5,34.8125,17.222498,12621000
8/1/1999,34.5625,36.4375,33.375,35.5625,17.593531,10719900
9/1/1999,35.5625,39,34.8125,37.4375,18.648499,14880100
10/1/1999,37.1875,40.9375,36.625,39.8125,19.831539,14363200
11/1/1999,39.5625,39.6875,33,33.875,16.87393,12778900
12/1/1999,33.75,34.1875,30,30.8125,15.457404,14246700
1/1/2000,30.125,30.5,23.375,24.25,12.165266,18854500
2/1/2000,24.5,25.625,20.75,25.3125,12.698273,22037700
3/1/2000,24.625,27.875,22.25,25.75,13.061168,21588900
4/1/2000,25.625,28,23.3125,24.25,12.300327,17531600
5/1/2000,24.3125,32,24.3125,30.375,15.407109,21678400
6/1/2000,30.125,30.6875,26.375,29.75,15.216734,15548300
7/1/2000,29.625,30.75,25.875,25.9375,13.266691,10011100
8/1/2000,26,27.1875,23,23.1875,11.860105,12235400
9/1/2000,23.25,25.1875,22.625,24.1875,12.500338,12396400
10/1/2000,24,26.25,21.5625,25.375,13.114055,17761500
11/1/2000,25.125,28.75,23.75,24.625,12.726448,24521800
12/1/2000,24.5,26.6875,23.1875,26.25,13.695798,16062800
1/1/2001,26.0625,27.0625,24.25,26.200001,13.66971,20191000
2/1/2001,26.209999,28.23,26.17,26.59,13.87319,14316200
3/1/2001,26.35,28,25.35,27.030001,14.235909,15136900
4/1/2001,26.9,27.200001,25,25.5,13.430103,15673000
5/1/2001,25.299999,26.74,25,26.719999,14.07264,13473800
6/1/2001,26.549999,29.360001,26.1,29,15.423236,17847700
7/1/2001,29.299999,31,28.700001,30.07,15.992302,16824000
8/1/2001,30.049999,34,29.690001,31.99,17.013433,24401300
9/1/2001,31.74,32.599998,27.98,30,16.080261,21668600
10/1/2001,29.75,30.950001,28.5,30.5,16.348263,21240300
11/1/2001,30.450001,32,29.110001,29.49,15.806893,17101600
12/1/2001,29.200001,30.91,29,30.1,16.273428,17711800
1/1/2002,29.85,31.75,29.02,30.860001,16.684317,19359000
2/1/2002,30.360001,35.450001,29.389999,34.549999,18.679293,30399600
3/1/2002,34.299999,34.880001,32.299999,33.57,18.284925,21720700
4/1/2002,33.5,36.75,32.75,35.919998,19.56492,21665400
5/1/2002,36,37,35,36.700001,19.98978,19375500
6/1/2002,36.549999,37,34.07,35.860001,19.66881,27691800
7/1/2002,35.650002,36.099998,29.35,34.439999,18.889948,35162400
8/1/2002,34.450001,35.23,32.07,32.16,17.6394,26550200
9/1/2002,31.860001,33.900002,31.440001,33.25,18.378153,22858700
10/1/2002,33.330002,36.299999,31.280001,31.860001,17.609858,32288600
11/1/2002,32.110001,34.98,31.34,33.369999,18.444477,23812500
12/1/2002,33.369999,35.060001,32.700001,34.27,19.082727,19164800
1/1/2003,34.279999,35.200001,31.48,33.400002,18.598274,26325300
2/1/2003,33.400002,33.41,29.440001,29.57,16.465609,21296000
3/1/2003,30,30.969999,27.85,30.65,17.213274,26167300
4/1/2003,30.639999,33.049999,30.27,32.740002,18.387032,19131700
5/1/2003,32.509998,35.25,31.9,35.200001,19.768589,22767700
6/1/2003,35.349998,35.490002,33.619999,34.369999,19.447157,19590600
7/1/2003,34.049999,35.900002,33.380001,34.330002,19.424528,22093500
8/1/2003,34.25,34.439999,32.98,33.529999,18.971869,15501500
9/1/2003,33.509998,33.959999,32.599998,33.349998,19.012547,20915200
10/1/2003,33.299999,34.450001,32.599998,33.130001,18.88714,19676900
11/1/2003,33.950001,35.950001,33.880001,35.77,20.39217,21731100
12/1/2003,35.5,38.57,35.290001,38.080002,21.863161,22571900
1/1/2004,37.98,38.73,37.009998,37.810001,21.708139,20267500
2/1/2004,37.299999,39.66,37,39.490002,22.672688,19818100
3/1/2004,39.150002,39.880001,37.700001,39.240002,22.529158,26488600
4/1/2004,39.029999,43.41,38.91,42.900002,24.787958,31540800
5/1/2004,42.91,43.41,41.290001,42.400002,24.499058,18597100
6/1/2004,42.25,42.959999,40.790001,41.849998,24.325626,18716800
7/1/2004,41.349998,42.080002,39.880001,41.66,24.215181,19728600
8/1/2004,41.150002,42.25,40.259998,41.98,24.401188,16557300
9/1/2004,41.779999,43.080002,41.099998,42.66,24.946144,19859000
10/1/2004,42.57,43.5,41.509998,43,25.144962,18544900
11/1/2004,42.720001,45.32,42.200001,43.700001,25.5543,25703900
12/1/2004,43.57,44.860001,42.84,44.66,26.262554,18163100
1/1/2005,44.68,45.59,43.740002,44.639999,26.250792,21421700
2/1/2005,44.299999,45.330002,43.16,44,25.874437,24435500
3/1/2005,43.790001,44.77,42.41,43.27,25.5923,32162400
4/1/2005,43.240002,44.950001,42.349998,44.950001,26.585951,25573400
5/1/2005,44.599998,45.98,44.43,45.490002,26.90535,20368700
6/1/2005,45.220001,46.889999,44.200001,44.439999,26.430279,23083400
7/1/2005,44.580002,45.939999,43.5,45.310001,26.947702,15920100
8/1/2005,45.25,46.369999,44.490002,45.330002,26.959604,20654300
9/1/2005,45.080002,46.990002,43.419998,46.130001,27.604301,36386600
10/1/2005,46.07,46.700001,43.5,44.169998,26.431444,27995000
11/1/2005,44.169998,45.299999,43.759998,44.07,26.371607,31365200
12/1/2005,44.27,44.880001,43.220001,43.220001,26.022873,25074200
1/1/2006,43.950001,44.84,42.639999,42.900002,25.830194,27040000
2/1/2006,43.150002,45.240002,42.41,44.310001,26.679171,31787100
3/1/2006,44.240002,45.779999,43.790001,44.040001,26.681696,28161800
4/1/2006,44.040001,46.639999,43.060001,46.310001,28.056965,25091800
5/1/2006,46.16,47.470001,45.720001,47.099998,28.535589,35629500
6/1/2006,47.09,48.5,46.25,48.43,29.514807,32103400
7/1/2006,48.080002,49.389999,47.310001,48.169998,29.356352,33007100
8/1/2006,47.990002,50.869999,47.59,50.700001,30.898224,22659400
9/1/2006,50.529999,50.66,49.200001,49.52,30.353336,23202000
10/1/2006,49.330002,50.700001,47.709999,50.310001,30.837559,28768400
11/1/2006,50.240002,50.599998,49.130001,49.779999,30.512709,25644600
12/1/2006,49.639999,50.950001,49.330002,50.060001,30.864641,23940200
1/1/2007,50.290001,51,48.950001,49.27,30.377569,25589500
2/1/2007,49.27,50.419998,48.68,49.84,30.728994,39088800
3/1/2007,49.580002,52.02,48.91,51.43,31.893663,35888500
4/1/2007,51.369999,54,51.18,52.91,32.811451,23351000
5/1/2007,53.119999,54.389999,52.389999,53.98,33.47501,30028500
6/1/2007,54.049999,54.419998,51.049999,51.790001,32.29163,45529000
7/1/2007,51.830002,52.849998,51.040001,51.810001,32.304115,42753700
8/1/2007,51.02,55.98,51.02,54.93,34.249454,52485500
9/1/2007,55,56.889999,54.02,56,35.118591,34167600
10/1/2007,55.889999,56.310001,51.599998,52.790001,33.105541,41306400
11/1/2007,52.5,54.450001,51.490002,54.040001,33.889446,39371400
12/1/2007,54.349998,55.189999,52.349998,52.43,33.069027,24778200
1/1/2008,52.299999,53,46.25,47.799999,30.148762,58343000
2/1/2008,48.18,52.720001,47.950001,50.720001,31.99049,53596200
3/1/2008,50.75,52.73,48.900002,52.560001,33.351784,47506900
4/1/2008,52.779999,54.150002,50.939999,51.169998,32.469761,46803300
5/1/2008,50.700001,52.869999,50.16,51.810001,32.875881,36299600
6/1/2008,51.759998,52.23,47.810001,48.02,30.658031,55998100
7/1/2008,47.619999,54.25,47.619999,53.060001,33.875778,54840800
8/1/2008,53.150002,55.84,51.950001,54.439999,34.75684,41049100
9/1/2008,54.830002,58.509998,54,56.099998,36.04224,47737200
10/1/2008,55.759998,57.66,45.25,50.419998,32.393047,91382100
11/1/2008,50.630001,53.389999,40.509998,43.43,27.90222,56932900
12/1/2008,42.77,44.080002,40.32,43.849998,28.172041,57072200
1/1/2009,43.98,45.939999,41.959999,43.689999,28.290735,48064500
2/1/2009,43.029999,45.099998,38,38.919998,25.202007,57726800
3/1/2009,38.330002,38.77,35.639999,36.630001,23.929321,71831600
4/1/2009,36.290001,43.91,36.290001,42.110001,27.509253,55279400
5/1/2009,42.18,44.91,42.18,43.25,28.253994,43552600
6/1/2009,43.630001,46.91,43.169998,46.57,30.664007,49052500
7/1/2009,46.91,49.220001,46.470001,47.5,31.276386,51941000
8/1/2009,47.799999,47.799999,45.580002,47.09,31.006413,42965000
9/1/2009,46.91,49.900002,46.419998,49.23,32.67643,37806700
10/1/2009,49.099998,52.580002,48.150002,51.540001,34.209709,41736800
11/1/2009,51.529999,54.049999,50.82,52.580002,34.900005,35678800
12/1/2009,52.700001,54.099998,51.549999,53.200001,35.563293,35576800
1/1/2010,53.310001,55.450001,52.549999,54.419998,36.378841,43112100
2/1/2010,54.790001,55.41,51.700001,52.150002,34.861389,51563800
3/1/2010,52.310001,54.799999,52.049999,53.43,35.974941,50549000
4/1/2010,53.529999,55.450001,52.029999,54.939999,36.991627,56974000
5/1/2010,55.130001,56,52.400002,53.43,35.974941,58996900
6/1/2010,53.119999,55.209999,50.209999,50.299999,34.109226,65259600
7/1/2010,50.209999,52.580002,47.279999,50.049999,33.939709,62214200
8/1/2010,50.470001,51.84,48.970001,49.68,33.688808,73767400
9/1/2010,50.200001,51.52,49.490002,50.509998,34.528599,39885700
10/1/2010,50.540001,51.099998,48.720001,50.259998,34.357708,58553500
11/1/2010,50.369999,50.799999,48.509998,49.23,33.653603,76136200
12/1/2010,49.52,51.619999,48.849998,51.080002,35.206425,51072600
1/1/2011,51.23,52.200001,50.029999,50.299999,34.668819,45941800
2/1/2011,50.32,54.790001,49.990002,53.560001,36.915749,59501500
3/1/2011,53.52,55.41,52.720001,53.98,37.49118,46309100
4/1/2011,53.98,57.419998,53.799999,57.27,39.776207,28555900
5/1/2011,57.189999,57.700001,55.860001,56.990002,39.58173,42271500
6/1/2011,56.75,56.82,53.450001,55.32,38.697872,45220600
7/1/2011,55.07,56.389999,54.349998,55.779999,39.019657,36217800
8/1/2011,56.16,56.16,50.380001,54.32,37.998348,64473700
9/1/2011,54.279999,54.939999,51.630001,53.189999,37.505661,41132200
10/1/2011,52.73,55.299999,51.939999,54.209999,38.22488,39023300
11/1/2011,53.599998,54.25,48.099998,49.16,34.663998,64961100
12/1/2011,49.029999,50.919998,48.470001,50.57,35.97641,35510700
1/1/2012,50.970001,51.849998,49.07,49.52,35.229408,40449000
2/1/2012,49.599998,53.450001,49.27,52.349998,37.242733,57833600
3/1/2012,52.450001,53.860001,51.639999,53.630001,38.466026,32443200
4/1/2012,53.439999,54.200001,50.049999,50.57,36.27124,44834200
5/1/2012,50.57,51.16,48.779999,48.779999,34.98737,41580900
6/1/2012,48.5,49.759998,47.880001,49.330002,35.685822,32166500
7/1/2012,49.16,49.889999,46.330002,47.700001,34.506672,43796300
8/1/2012,47.77,51.91,47.509998,50.650002,36.640732,46108600
9/1/2012,50.810001,52.150002,49.919998,51.66,37.69392,35204600
10/1/2012,51.490002,53.060001,51.27,52.32,38.175491,29081900
11/1/2012,52.720001,55.880001,52.16,55.459999,40.466606,51381200
12/1/2012,55.57,57.209999,54.529999,55.849998,41.075169,30155600
1/1/2013,56.330002,58.900002,56.040001,58.5,43.024139,27652900
2/1/2013,58.849998,60.790001,58,60.5,44.495041,37571600
3/1/2013,60.310001,64.75,60.049999,64.43,47.732578,29448600
4/1/2013,64.089996,66.839996,63.189999,65.040001,48.184502,33411100
5/1/2013,64.82,66.480003,62.049999,62.049999,45.969387,43585900
6/1/2013,61.970001,65.120003,61.029999,64.230003,47.915859,38140000
7/1/2013,64.029999,67.980003,64.029999,66.239998,49.415333,28267800
8/1/2013,65.940002,66.239998,60.279999,60.709999,45.289921,40678700
9/1/2013,61.240002,61.43,58.59,58.73,44.145294,36397700
10/1/2013,58.52,64.400002,58.009998,63.25,47.542831,39749500
11/1/2013,63.16,64.919998,60.59,60.639999,45.580978,44900300
12/1/2013,60.639999,62.310001,59.580002,61.07,46.248833,33262800
1/1/2014,60.98,61.360001,57.509998,57.98,43.908756,37575800
2/1/2014,58.009998,61.259998,55.689999,60.689999,45.961048,49117500
3/1/2014,60.34,62.75,60.099998,62.709999,47.490814,35566100
4/1/2014,62.470001,67.489998,62.310001,66.830002,50.997585,56827100
5/1/2014,66.940002,69,64.800003,68.980003,52.63826,41824500
6/1/2014,69,69.5,64.470001,65.699997,50.476658,35244300
7/1/2014,65.480003,66.730003,59.779999,59.830002,45.966805,39082900
8/1/2014,59.66,65.379997,59.650002,64.970001,49.915813,38387900
9/1/2014,64.93,65.379997,60.540001,61.599998,47.684605,34918200
10/1/2014,60.5,64.82,58.830002,63.959999,49.511467,45164800
11/1/2014,63.639999,66.639999,63.099998,66.25,51.284157,32586600
12/1/2014,65.849998,67.440002,63.669998,65.440002,51.04108,36362400
1/1/2015,65.629997,69.889999,64.139999,65.580002,51.15028,40134500
2/1/2015,65.650002,67.32,61.82,64.480003,50.29232,40396300
3/1/2015,64.370003,66.379997,61.529999,65.949997,51.438866,56869100
4/1/2015,65.690002,67,63.029999,63.330002,49.771957,35793100
5/1/2015,63.419998,65.639999,62.240002,62.77,49.331837,33647500
6/1/2015,62.599998,63.880001,61.130001,62.700001,49.661621,39015200
7/1/2015,62.700001,66.459999,61.990002,66.169998,52.410023,24912200
8/1/2015,65.93,69.849998,63.52,66.279999,52.497169,45150300
9/1/2015,65.309998,69.589996,65,66.550003,53.105198,39418700
10/1/2015,66.260002,72.339996,65.029999,70.519997,56.273159,37701700
11/1/2015,70.720001,70.860001,64.650002,68.769997,54.876705,46686500
12/1/2015,69.389999,73.68,68.199997,72.269997,58.089451,37214200
1/1/2016,71.589996,73.889999,68.730003,73.440002,59.029881,36346400
2/1/2016,73.32,76.239998,70.330002,74.019997,59.496094,52618700
3/1/2016,74.559998,77.050003,73.110001,76.550003,61.943108,38904900
4/1/2016,75.709999,78.099998,74.720001,76.809998,62.153496,33780100
5/1/2016,77,77.940002,73.699997,74.370003,60.179077,45997900
6/1/2016,74.400002,82.57,74.260002,81.650002,66.511406,52570900
7/1/2016,81.440002,87.160004,80.639999,82.709999,67.374886,65383600
8/1/2016,82.620003,84.279999,80.57,82.209999,66.967575,37473900
9/1/2016,81.879997,82.779999,76.900002,77.470001,63.503757,34141700
10/1/2016,77.209999,77.419998,73.660004,75.129997,61.585602,37093400
11/1/2016,75.620003,78.370003,71.830002,72,59.019875,35298600
12/1/2016,71.610001,74.489998,70.739998,73.709999,60.849846,35634400
1/1/2017,73.709999,73.730003,71.050003,72.709999,60.024284,32533900
2/1/2017,72.309998,76.690002,71.449997,74.07,61.147015,42027700
3/1/2017,74.07,75.309998,72.199997,72.610001,60.358967,54137200
4/1/2017,72.589996,73.379997,70.57,71,59.020607,38541400
5/1/2017,71.089996,73.43,68.669998,71.599998,59.519367,59490200
6/1/2017,71.889999,74.279999,68.559998,69.459999,58.156868,43896200
7/1/2017,69.580002,69.580002,65.32,68,56.934452,44290000
8/1/2017,67.959999,71.650002,65.160004,65.459999,54.807781,49412600
9/1/2017,65.470001,69.220001,62.110001,62.369999,52.649437,61350000
10/1/2017,62.220001,63.93,58.759998,62.529999,52.784492,81570200
11/1/2017,62.639999,67.739998,60.130001,66.160004,55.848759,78417800
12/1/2017,66.019997,68.709999,64.209999,67.980003,57.852776,61665600
1/1/2018,68.029999,69.209999,64.660004,68.110001,57.963402,63290200
2/1/2018,68,70.290001,62.959999,66.199997,56.337944,62870700
3/1/2018,66.809998,71.080002,62.950001,65.010002,55.325222,65455200
4/1/2018,64.970001,65.529999,58.709999,58.900002,50.533287,49621000
5/1/2018,58.810001,66.269997,56.400002,64.389999,55.243427,71748300
6/1/2018,64.5,70.300003,61.290001,69.870003,60.439728,62713800
7/1/2018,69.589996,72.260002,68.699997,71.029999,61.443161,39996500
8/1/2018,71.129997,74.32,66.790001,71.790001,62.100586,40055300
9/1/2018,71.809998,74.980003,69.5,70.019997,61.045933,29836400
10/1/2018,70.07,72.980003,64.949997,65.480003,57.087811,51958700
11/1/2018,65.110001,65.660004,60.880001,63.650002,55.492344,72960300
12/1/2018,63.610001,63.919998,55.110001,57.009998,50.147343,51183200
1/1/2019,56.779999,59.950001,56.110001,59.009998,51.906582,45591700
2/1/2019,59.209999,59.490002,54.139999,56.259998,49.487625,75141700
3/1/2019,56.41,57.810001,53.139999,57.380001,50.472813,52947000
4/1/2019,57.5,60.459999,55.5,60.299999,53.56908,44168200
5/1/2019,60.27,60.439999,51.34,52.560001,46.693054,51747700
6/1/2019,52.560001,57.189999,52.439999,53.57,48.107502,43216300
7/1/2019,53.91,59.48,53.169998,58.220001,52.28334,60465000
8/1/2019,60.93,65.589996,60.189999,62.799999,56.396324,63425200
9/1/2019,63,64.989998,62.5,64.349998,58.316223,37846100
10/1/2019,64.400002,64.699997,60.650002,63.529999,57.573105,38590700
11/1/2019,63.470001,65.940002,63.040001,65.120003,59.014027,31191600
12/1/2019,64.919998,69.32,64.57,69.160004,63.224499,30360100
1/1/2020,69.129997,71.050003,67.379997,68.209999,62.356022,35114200
2/1/2020,68.580002,69.660004,57.709999,60.470001,55.280293,51064900
3/1/2020,60.209999,70.360001,52.66,59.990002,54.841488,68051800
4/1/2020,59.009998,67.889999,58.369999,65.5,60.448395,48027400
5/1/2020,65.199997,65.849998,60.720001,65.309998,60.273045,42284800
6/1/2020,65.529999,68.550003,62.720001,66.059998,61.501068,58523300
7/1/2020,66.07,72.879997,65.480003,68.989998,64.228867,44562600
8/1/2020,69,71.139999,67.910004,70.910004,66.016357,30596500
9/1/2020,70.440002,71.650002,60.84,64.589996,60.622372,53733900
10/1/2020,64.720001,67.870003,62.560001,62.889999,59.026798,35161800
11/1/2020,63.759998,67.019997,62.099998,63.91,59.984146,39157400
12/1/2020,63.709999,63.970001,60.639999,62.23,58.936546,46989300
1/1/2021,62.02,63.419998,57.040001,58.939999,55.820663,69216300
2/1/2021,58.939999,60.099998,56.610001,57.709999,54.655758,73157400
3/1/2021,57.200001,65.32,56.75,63.299999,59.949917,77035500
4/1/2021,63.209999,64.93,61.849998,62.419998,59.706203,51426900
5/1/2021,62.439999,68.599998,61.880001,65.489998,62.642731,60978000
6/1/2021,65.639999,67.07,62.700001,64.330002,62.082573,47310500
7/1/2021,64.330002,65.599998,62.509998,63.360001,61.146465,38612600
8/1/2021,63.41,67.07,62,63.139999,60.934143,46943000
9/1/2021,63.200001,65.779999,61.700001,63.919998,62.258614,42267000
10/1/2021,64.080002,64.889999,60.959999,61.299999,59.706715,40964600
11/1/2021,61.41,64.360001,60.970001,61.18,59.589836,40589700
12/1/2021,61.290001,66.330002,61.009998,64.419998,63.320633,45829100
1/1/2022,64.419998,67.809998,62.509998,63,61.92487,47246600
2/1/2022,63,66.870003,61.130001,63.939999,62.848827,56175900
3/1/2022,63.77,66.57,59.540001,64.489998,63.954197,56374500
4/1/2022,64.760002,70.209999,64.139999,68.5,67.930885,39233400
5/1/2022,69.209999,75.559998,65.970001,69.739998,69.160576,74876900
6/1/2022,69.610001,72.089996,66.400002,71.339996,71.339996,65730800
7/1/2022,71.529999,74.389999,70.550003,71.709999,71.709999,29247500
